<?xml version="1.0" encoding="UTF-8"?>
<kcfg xmlns="http://www.kde.org/standards/kcfg/1.0"
      xmlns:xsi="http://www.w3.org/2001/XMLSchema-instance"
      xsi:schemaLocation="http://www.kde.org/standards/kcfg/1.0
      http://www.kde.org/standards/kcfg/1.0/kcfg.xsd">
  <kcfgfile name=""/>
  <group name="General">
    <entry name="layoutMode" type="Int">
      <default>0</default>
    </entry>
    <entry name="use24h" type="Bool">
      <default>true</default>
    </entry>
    <entry name="showMeridiem" type="Bool">
      <default>true</default>
    </entry>
    <entry name="showSeconds" type="Bool">
      <default>false</default>
    </entry>
    <entry name="separatorMode" type="Int">
      <default>1</default>
    </entry>
    <entry name="autoScaleWithPanel" type="Bool">
      <default>true</default>
    </entry>
    <entry name="fontPixelSize" type="Int">
      <default>20</default>
    </entry>
    <entry name="useCustomPartStyles" type="Bool">
      <default>false</default>
    </entry>
    <entry name="hourFontPixelSize" type="Int">
      <default>20</default>
    </entry>
    <entry name="minuteFontPixelSize" type="Int">
      <default>20</default>
    </entry>
    <entry name="secondFontPixelSize" type="Int">
      <default>20</default>
    </entry>
    <entry name="meridiemFontPixelSize" type="Int">
      <default>20</default>
    </entry>
    <entry name="hourBold" type="Bool">
      <default>true</default>
    </entry>
    <entry name="minuteBold" type="Bool">
      <default>true</default>
    </entry>
    <entry name="secondBold" type="Bool">
      <default>false</default>
    </entry>
    <entry name="meridiemBold" type="Bool">
      <default>false</default>
    </entry>
    <entry name="lineSpacing" type="Int">
      <default>0</default>
    </entry>
    <entry name="horizontalPadding" type="Int">
      <default>6</default>
    </entry>
    <entry name="verticalPadding" type="Int">
      <default>4</default>
    </entry>
  </group>
</kcfg>
