{
  "KPackageStructure": "Plasma/Applet",
  "KPlugin": {
    "Authors": [
      {
        "Name": "Amrit"
      }
    ],
    "Category": "Date and Time",
    "Description": "Advanced simple clock for KDE Plasma 6 panels",
    "EnabledByDefault": true,
    "Icon": "preferences-system-time",
    "Id": "org.amritinfonet.advclock",
    "License": "MIT",
    "Name": "Advanced Simple Clock",
    "Version": "1.0.0"
  },
  "X-Plasma-API": "declarativeappletscript",
  "X-Plasma-API-Minimum-Version": "6.0",
  "X-Plasma-MainScript": "ui/main.qml"
}
